PortNumber,AccNumber,LocNumber,CountryCode,PostalCode,City,Latitude,Longitude,BuildingTIV,ContentsTIV,BITIV,LocDed,LocLimit,OccupancyCode,ConstructionCode
DEMO-1,ACC1016,LOC00329,GB,B1154,Birmingham,52.39709,-1.89113,6439835,1465695,1316103,5000,,1200,5200
DEMO-1,ACC1006,LOC00042,DE,80839,Munich,48.22305,11.39133,6390513,2835432,518537,5000,,2100,5000
DEMO-1,ACC1001,LOC00404,DE,40638,Dusseldorf,51.26625,6.80604,17542055,5188653,2649056,1000,14033644,3000,5950
DEMO-1,ACC1010,LOC00099,BE,10238,Brussels,50.80710,4.36380,7213124,2523202,605161,1000,,1100,5100
DEMO-1,ACC1015,LOC00260,GB,EC733,London,51.58303,-0.21647,1329784,278916,328287,25000,,1200,5100
DEMO-1,ACC1012,LOC00072,FR,75464,Paris,48.89880,2.40735,2618217,532028,521125,25000,2094573,1050,5100
DEMO-1,ACC1004,LOC00337,DE,60236,Frankfurt,50.08410,8.58359,4839804,2037369,1149057,2500,,1100,5200
DEMO-1,ACC1000,LOC00254,DE,50157,Cologne,50.98242,7.21810,5057498,2032120,296676,5000,,2100,5200
DEMO-1,ACC1009,LOC00375,NL,35739,Utrecht,52.10133,5.28115,4579102,1570609,533889,10000,,1200,5200
DEMO-1,ACC1002,LOC00229,DE,44983,Dortmund,51.61608,7.36241,886311,290916,136216,5000,,1050,5200
DEMO-1,ACC1004,LOC00286,DE,60252,Frankfurt,50.01213,8.65821,14099014,2562402,4108704,25000,11279212,2100,5100
DEMO-1,ACC1015,LOC00044,GB,EC499,London,51.64901,-0.11951,916663,160454,186011,2500,,2100,5950
DEMO-1,ACC1004,LOC00011,DE,60400,Frankfurt,50.08136,8.71929,981178,355415,115086,25000,,1200,5100
DEMO-1,ACC1004,LOC00267,DE,60680,Frankfurt,49.97908,8.59916,1320379,231866,330209,10000,,2100,5100
DEMO-1,ACC1017,LOC00136,GB,M1384,Manchester,53.44567,-2.24332,1132916,206985,101690,5000,,1050,5200
DEMO-1,ACC1009,LOC00228,NL,35814,Utrecht,52.02724,5.06503,1376792,513970,194372,25000,,2100,5200
DEMO-1,ACC1014,LOC00446,FR,69564,Lyon,45.65578,4.80803,2034063,736685,486762,1000,1627251,3000,5200
DEMO-1,ACC1001,LOC00467,DE,40914,Dusseldorf,51.16802,6.90131,4148838,1491610,377501,10000,3319070,3000,5100
DEMO-1,ACC1002,LOC00346,DE,44404,Dortmund,51.59206,7.34657,646390,171490,188126,1000,,1200,5200
DEMO-1,ACC1002,LOC00078,DE,44833,Dortmund,51.55967,7.35208,10026299,3586002,1661149,25000,8021039,3000,5000
DEMO-1,ACC1003,LOC00440,DE,20464,Hamburg,53.60174,10.01304,4461818,1759987,418059,25000,,1050,5000
DEMO-1,ACC1007,LOC00203,NL,10653,Amsterdam,52.33615,4.88726,13281699,4590716,1908204,1000,,1100,5000
DEMO-1,ACC1012,LOC00400,FR,75391,Paris,48.80474,2.13505,1025731,162260,133072,10000,,1100,5200
DEMO-1,ACC1003,LOC00255,DE,20364,Hamburg,53.48229,10.01775,3084351,1153848,375230,10000,,1100,5200
DEMO-1,ACC1014,LOC00022,FR,69719,Lyon,45.80212,4.81208,2206514,569950,659792,1000,1765211,1200,5000
DEMO-1,ACC1012,LOC00095,FR,75686,Paris,48.83093,2.28849,380352,159322,65730,5000,304282,3000,5200
DEMO-1,ACC1018,LOC00062,ES,28878,Madrid,40.55554,-3.82686,792912,188915,77723,1000,,1100,5200
DEMO-1,ACC1007,LOC00155,NL,10114,Amsterdam,52.30089,5.04717,1234925,483187,293270,25000,,3000,5000
DEMO-1,ACC1004,LOC00197,DE,60316,Frankfurt,50.24312,8.78368,1503078,451761,136737,5000,1202462,1050,5200
DEMO-1,ACC1005,LOC00276,DE,10254,Berlin,52.53702,13.05628,693132,188083,164011,25000,554505,1200,5950
DEMO-1,ACC1018,LOC00414,ES,28934,Madrid,40.54071,-3.78558,8856943,1435745,2056197,1000,,3000,5000
DEMO-1,ACC1003,LOC00127,DE,20332,Hamburg,53.46201,9.73319,846611,330387,45643,25000,,1200,5100
DEMO-1,ACC1004,LOC00196,DE,60891,Frankfurt,50.18552,8.64331,645543,174439,160800,5000,,1200,5200
DEMO-1,ACC1015,LOC00140,GB,EC895,London,51.54465,-0.15354,13084756,3159938,2452541,1000,,1100,5950
DEMO-1,ACC1012,LOC00348,FR,75306,Paris,48.97488,2.41884,1435557,349032,169853,25000,1148446,1100,5000
DEMO-1,ACC1008,DIRTY005,NL,30308,Rotterdam,52.03697,4.53305,0,0,0,10000,8794003,3000,5200
DEMO-1,ACC1015,DIRTY010,GB,EC640,London,51.49085,-0.02900,7026759,2516489,1848276,-1,5621407,1050,5000
DEMO-1,ACC1015,LOC00201,GB,EC939,London,51.57014,-0.24064,5546902,2440899,1488514,25000,,1100,5200
DEMO-1,ACC1008,LOC00171,NL,30709,Rotterdam,51.87186,4.33577,3124085,1004508,469752,5000,,1100,5100
DEMO-1,ACC1015,LOC00488,GB,EC371,London,51.46099,-0.22449,13715839,2098145,2746494,2500,,3000,5000
DEMO-1,ACC1001,LOC00092,DE,40860,Dusseldorf,51.28722,6.91903,3444863,1197979,821805,1000,,3000,5100
DEMO-1,ACC1008,LOC00041,NL,30448,Rotterdam,52.05538,4.47630,2831842,614076,398729,25000,,3000,5200
DEMO-1,ACC1001,LOC00018,DE,40915,Dusseldorf,51.23621,6.60377,2755251,905761,497005,25000,,1050,5950
DEMO-1,ACC1012,LOC00296,FR,75611,Paris,48.72650,2.37733,3532610,1096807,569076,5000,,3000,5200
DEMO-1,ACC1015,LOC00153,GB,EC868,London,51.58972,0.15368,6631399,1394008,1161421,25000,,2100,5950
DEMO-1,ACC1007,LOC00363,NL,10708,Amsterdam,52.40023,5.03263,4485133,1369934,617247,25000,,3000,5200
DEMO-1,ACC1001,LOC00060,DE,40851,Dusseldorf,51.16201,6.72648,993066,276877,111197,2500,,1100,5200
DEMO-1,ACC1003,LOC00176,DE,20723,Hamburg,53.61028,10.20061,6607623,2727842,1409403,25000,,3000,5950
DEMO-1,ACC1003,LOC00075,DE,20697,Hamburg,53.43219,9.85702,3024037,909282,411466,1000,,3000,5950
DEMO-1,ACC1004,LOC00175,DE,60562,Frankfurt,50.12099,8.66477,2315801,746160,656846,5000,,3000,5950
DEMO-1,ACC1006,LOC00070,DE,80242,Munich,48.17540,11.57987,28517469,11317792,7179800,10000,,1050,5200
DEMO-1,ACC1015,LOC00406,GB,EC102,London,51.42198,-0.22558,1758107,592207,373353,25000,,1100,5950
DEMO-1,ACC1005,LOC00481,DE,10585,Berlin,52.67081,13.34679,747312,269276,100982,25000,,1200,5200
DEMO-1,ACC1000,LOC00178,DE,50486,Cologne,50.88849,6.76277,2923264,805246,612737,2500,2338611,1050,5200
DEMO-1,ACC1007,LOC00085,NL,10901,Amsterdam,52.45220,5.00173,476917,170812,82031,10000,,1200,5100
DEMO-1,ACC1015,LOC00345,GB,EC853,London,51.43737,0.10094,8838091,3789938,1326485,1000,7070473,1200,5000
DEMO-1,ACC1013,LOC00378,FR,59772,Lille,50.56664,3.12543,7526590,1157376,1297748,5000,,3000,5000
DEMO-1,ACC1008,LOC00231,NL,30610,Rotterdam,51.91569,4.49636,1885364,840103,424872,25000,1508291,2100,5200
DEMO-1,ACC1014,LOC00156,FR,69543,Lyon,45.83136,4.74649,6314224,1514013,726430,2500,,2100,5950
DEMO-1,ACC1014,LOC00311,FR,69783,Lyon,45.72666,5.00562,5539405,1632601,847917,5000,4431524,3000,5000
DEMO-1,ACC1010,LOC00065,BE,10277,Brussels,50.86419,4.46476,1354729,483345,83139,25000,,3000,5200
DEMO-1,ACC1015,LOC00032,GB,EC574,London,51.53711,-0.29774,1276771,204193,170143,5000,1021417,3000,5200
DEMO-1,ACC1014,LOC00477,FR,69770,Lyon,45.68324,4.93557,2732270,578158,527567,5000,,1100,5100
DEMO-1,ACC1002,LOC00121,DE,44688,Dortmund,51.63141,7.51334,1737518,344329,120670,25000,,1100,5100
DEMO-1,ACC1000,LOC00188,DE,50133,Cologne,50.89749,7.12206,2727309,731319,500727,10000,,3000,5200
DEMO-1,ACC1007,LOC00355,NL,10181,Amsterdam,52.37288,4.97893,7471194,1877684,1574150,25000,5976955,1050,5950
DEMO-1,ACC1007,LOC00463,NL,10655,Amsterdam,52.44893,4.98526,2901403,514469,193811,5000,,1200,5100
DEMO-1,ACC1002,LOC00158,DE,44520,Dortmund,51.46911,7.53703,1827903,285003,386035,25000,1462322,1100,5950
DEMO-1,ACC1011,LOC00248,BE,20274,Antwerp,51.18224,4.23395,927968,226844,252031,1000,,2100,5950
DEMO-1,ACC1010,LOC00472,BE,10387,Brussels,50.94688,4.43664,1890095,346019,97940,10000,,3000,5200
DEMO-1,ACC1007,DIRTY009,NL,10954,Amsterdam,52.26366,4.95052,661410,180906,115899,-50000,,2100,5100
DEMO-1,ACC1005,LOC00343,DE,10377,Berlin,52.70726,13.46885,1823620,576947,170521,10000,,1050,5200
DEMO-1,ACC1003,LOC00310,DE,20556,Hamburg,53.55731,9.99315,2983473,1070254,430177,1000,,1200,5000
DEMO-1,ACC1015,LOC00020,GB,EC339,London,51.50865,-0.04122,1356202,531043,379268,1000,,3000,5100
DEMO-1,ACC1007,LOC00157,NL,10292,Amsterdam,52.19622,5.02000,3263560,1125824,395679,25000,,2100,5000
DEMO-1,ACC1005,LOC00320,DE,10386,Berlin,52.43315,13.52722,7497400,2790421,1874550,25000,,1050,5200
DEMO-1,ACC1010,LOC00145,BE,10101,Brussels,50.88632,4.20602,4400203,1394830,838787,25000,,1050,5100
DEMO-1,ACC1008,LOC00159,NL,30694,Rotterdam,52.00291,4.44155,3599160,1039086,480813,2500,,2100,5100
DEMO-1,ACC1001,LOC00377,DE,40181,Dusseldorf,51.26206,6.79958,9073299,2834521,2305299,5000,,3000,5200
DEMO-1,ACC1000,LOC00422,DE,50470,Cologne,50.84287,6.78652,3527618,723741,328123,25000,,2100,5000
DEMO-1,ACC1009,LOC00432,NL,35724,Utrecht,52.04175,5.17172,884948,133765,190306,1000,707958,3000,5950
DEMO-1,ACC1000,LOC00150,DE,50161,Cologne,50.93916,7.10959,4885294,1566817,312926,2500,,3000,5100
DEMO-1,ACC1007,LOC00232,NL,10468,Amsterdam,52.36249,4.82596,730496,160628,73747,1000,584397,1050,5100
DEMO-1,ACC1003,LOC00161,DE,20504,Hamburg,53.67831,10.15480,1326970,552935,75295,1000,,3000,5950
DEMO-1,ACC1012,LOC00434,FR,75593,Paris,48.87995,2.32021,1130888,259433,257512,5000,,3000,5000
DEMO-1,ACC1008,LOC00114,NL,30296,Rotterdam,51.82984,4.45805,1593130,482592,327513,5000,,1100,5200
DEMO-1,ACC1002,LOC00052,DE,44505,Dortmund,51.49075,7.56407,2324021,606579,238021,5000,,3000,5100
DEMO-1,ACC1001,LOC00172,DE,40683,Dusseldorf,51.14809,6.76051,9273416,2455180,994032,5000,,2100,5100
DEMO-1,ACC1007,LOC00027,NL,10119,Amsterdam,52.37962,4.77088,2350833,880092,146046,5000,1880667,1200,5000
DEMO-1,ACC1006,LOC00074,DE,80583,Munich,48.13974,11.52397,2676382,834532,512260,2500,2141105,1050,5950
DEMO-1,ACC1012,LOC00444,FR,75910,Paris,48.74846,2.19728,571463,172620,59746,2500,,1100,5000
DEMO-1,ACC1003,LOC00241,DE,20672,Hamburg,53.45302,10.21734,1202229,320197,320563,10000,,1200,5100
DEMO-1,ACC1012,LOC00339,FR,75410,Paris,48.82244,2.55047,2811192,525703,217388,1000,,1200,5200
DEMO-1,ACC1011,LOC00344,BE,20266,Antwerp,51.16352,4.38711,442933,173344,97840,5000,,2100,5200
DEMO-1,ACC1001,LOC00013,DE,40471,Dusseldorf,51.22161,6.74321,2971890,917755,444813,2500,,3000,5950
DEMO-1,ACC1014,LOC00098,FR,69599,Lyon,45.82187,5.13241,8129162,2255057,2317339,25000,,1050,5000
DEMO-1,ACC1007,LOC00297,NL,10205,Amsterdam,52.48558,5.07929,3125954,1257578,906811,2500,2500764,1100,5000
DEMO-1,ACC1004,LOC00420,DE,60447,Frankfurt,50.14216,8.61479,4908018,1162051,948070,2500,,1100,5000
DEMO-1,ACC1004,LOC00057,DE,60691,Frankfurt,50.04753,8.52165,1876998,299800,208271,25000,,3000,5200
DEMO-1,ACC1019,LOC00125,IT,20561,Milan,45.39725,9.14907,8921578,3085124,821250,25000,,3000,5200
DEMO-1,ACC1019,LOC00192,IT,20141,Milan,45.58983,9.18289,2400117,398488,143971,25000,1920094,1100,5000
DEMO-1,ACC1005,LOC00430,DE,10990,Berlin,52.48196,13.27630,1867803,751811,433531,10000,,1200,5100
DEMO-1,ACC1002,DIRTY001,DE,44611,Dortmund,,,1937991,356715,427934,25000,,2100,5950
DEMO-1,ACC1000,LOC00466,DE,50799,Cologne,50.93990,6.96343,6091183,1629158,876137,2500,4872946,2100,5100
DEMO-1,ACC1000,LOC00362,DE,50743,Cologne,51.05909,6.94393,2982833,778740,177081,2500,,1100,5200
DEMO-1,ACC1011,LOC00019,BE,20718,Antwerp,51.13093,4.34329,2089300,414002,523301,2500,,2100,5100
DEMO-1,ACC1008,LOC00403,NL,30128,Rotterdam,51.99581,4.37947,1332566,330997,383402,5000,,3000,5200
DEMO-1,ACC1018,LOC00443,ES,28567,Madrid,40.31819,-3.77982,4409026,724257,711629,10000,,1050,5200
DEMO-1,ACC1012,LOC00334,FR,75207,Paris,48.95114,2.34024,1570587,474442,392528,5000,,1200,5000
DEMO-1,ACC1012,LOC00392,FR,75319,Paris,48.93043,2.35414,558303,160470,59238,2500,,3000,5000
DEMO-1,ACC1007,LOC00485,NL,10448,Amsterdam,52.36005,4.62018,4213272,1616032,236598,25000,,2100,5100
DEMO-1,ACC1007,LOC00445,NL,10862,Amsterdam,52.36578,5.03426,4274399,1314066,1146147,10000,3419519,1050,5000
DEMO-1,ACC1007,LOC00038,NL,10832,Amsterdam,52.44954,4.80239,8473843,1632974,2051522,2500,,1200,5100
DEMO-1,ACC1007,LOC00261,NL,10164,Amsterdam,52.38045,4.85074,728727,310921,134940,5000,,3000,5100
DEMO-1,ACC1007,LOC00149,NL,10347,Amsterdam,52.38412,4.73643,8317069,3734720,892225,1000,,3000,5000
DEMO-1,ACC1009,LOC00351,NL,35923,Utrecht,52.13876,5.04665,845317,189285,213108,10000,,2100,5100
DEMO-1,ACC1001,LOC00321,DE,40115,Dusseldorf,51.27794,6.82723,4861668,1301057,1026140,25000,3889335,2100,5200
DEMO-1,ACC1007,LOC00428,NL,10910,Amsterdam,52.32838,4.97716,1583551,554584,455341,10000,,3000,5100
DEMO-1,ACC1002,LOC00368,DE,44671,Dortmund,51.46329,7.60746,1844361,742196,279388,10000,,1200,5950
DEMO-1,ACC1003,LOC00207,DE,20938,Hamburg,53.56099,9.79604,14089148,3615296,2555138,25000,,1200,5000
DEMO-1,ACC1004,LOC00468,DE,60984,Frankfurt,50.15282,8.50596,819473,314625,85855,25000,655579,1050,5100
DEMO-1,ACC1001,LOC00364,DE,40376,Dusseldorf,51.27757,6.78600,3022698,705595,795199,5000,,3000,5200
DEMO-1,ACC1007,LOC00130,NL,10785,Amsterdam,52.39593,4.85289,5851143,2007487,986552,1000,,2100,5100
DEMO-1,ACC1012,LOC00006,FR,75922,Paris,48.80899,2.30238,7218239,1455863,1213431,5000,,1050,5200
DEMO-1,ACC1014,LOC00144,FR,69379,Lyon,45.87578,4.90913,2161803,786848,539019,2500,1729442,1050,5100
DEMO-1,ACC1007,LOC00043,NL,10914,Amsterdam,52.33405,5.11643,137119,61519,21420,25000,,1050,5200
DEMO-1,ACC1002,LOC00424,DE,44822,Dortmund,51.46688,7.43705,1407303,594704,316943,5000,,3000,5200
DEMO-1,ACC1018,LOC00214,ES,28759,Madrid,40.38905,-3.82935,469833,207926,67457,5000,,1050,5200
DEMO-1,ACC1007,LOC00209,NL,10532,Amsterdam,52.37965,4.86111,8311284,2051598,2386954,5000,6649027,1100,5100
DEMO-1,ACC1002,LOC00417,DE,44730,Dortmund,51.53169,7.36232,3706198,997885,289001,1000,2964958,1100,5100
DEMO-1,ACC1010,LOC00103,BE,10571,Brussels,50.80482,4.49353,1655627,591867,354779,25000,,3000,5100
DEMO-1,ACC1000,LOC00266,DE,50233,Cologne,50.98406,6.70040,19097486,8576132,4663754,10000,15277989,1200,5100
DEMO-1,ACC1003,LOC00379,DE,20302,Hamburg,53.51134,9.94319,3964230,1250711,283111,10000,,1050,5100
DEMO-1,ACC1002,LOC00118,DE,44651,Dortmund,51.50047,7.60970,2098808,594009,132362,10000,,2100,5100
DEMO-1,ACC1004,LOC00401,DE,60223,Frankfurt,50.15933,8.38477,3191447,1023544,936891,2500,,3000,5000
DEMO-1,ACC1001,LOC00093,DE,40660,Dusseldorf,51.21973,6.71763,10967154,3753970,2691311,1000,,1050,5100
DEMO-1,ACC1009,LOC00017,NL,35184,Utrecht,52.04534,4.86265,396199,94001,113021,1000,,1050,5000
DEMO-1,ACC1003,LOC00061,DE,20550,Hamburg,53.63844,9.87654,1027249,256177,304691,1000,,3000,5000
DEMO-1,ACC1015,LOC00287,GB,EC659,London,51.61023,-0.23595,743914,237179,42382,2500,595131,2100,5100
DEMO-1,ACC1015,LOC00080,GB,EC823,London,51.38484,-0.21061,9325763,3610537,1548612,2500,7460611,1050,5000
DEMO-1,ACC1001,LOC00425,DE,40411,Dusseldorf,51.24913,6.69349,9127913,2903484,932009,25000,,3000,5200
DEMO-1,ACC1015,LOC00142,GB,EC604,London,51.52764,-0.16989,3805915,1503483,705511,2500,,3000,5000
DEMO-1,ACC1001,LOC00063,DE,40622,Dusseldorf,51.17449,7.03242,2176601,705178,460671,1000,,2100,5200
DEMO-1,ACC1009,LOC00244,NL,35967,Utrecht,52.17294,5.24130,2906363,621125,437729,10000,,1200,5950
DEMO-1,ACC1007,LOC00283,NL,10683,Amsterdam,52.40832,4.92068,8973222,1705377,771794,25000,7178578,2100,5200
DEMO-1,ACC1003,LOC00317,DE,20345,Hamburg,53.62750,9.95663,2267730,916265,252671,5000,,3000,5100
DEMO-1,ACC1011,LOC00068,BE,20826,Antwerp,51.19814,4.40608,1486551,467143,254861,10000,,3000,5200
DEMO-1,ACC1006,LOC00163,DE,80480,Munich,48.18037,11.46954,5020763,925753,851986,10000,,3000,5000
DEMO-1,ACC1004,LOC00180,DE,60530,Frankfurt,50.07961,8.62934,1199787,184365,308917,5000,,3000,5950
DEMO-1,ACC1008,LOC00181,NL,30170,Rotterdam,51.92312,4.60469,1216277,411518,288667,2500,,1100,5100
DEMO-1,ACC1007,LOC00191,NL,10235,Amsterdam,52.41223,4.98311,1538156,585445,171620,5000,,2100,5100
DEMO-1,ACC1012,LOC00086,FR,75192,Paris,48.83518,2.43441,537407,162646,105718,25000,,1050,5000
DEMO-1,ACC1002,LOC00204,DE,44606,Dortmund,51.49311,7.51773,1448642,353177,222677,5000,,3000,5950
DEMO-1,ACC1016,LOC00441,GB,B1721,Birmingham,52.58175,-1.85412,4917681,1826781,954733,2500,,1200,5950
DEMO-1,ACC1017,LOC00471,GB,M1833,Manchester,53.51984,-2.35599,21511086,8908827,3508653,5000,,3000,5100
DEMO-1,ACC1009,LOC00456,NL,35369,Utrecht,52.22412,5.17628,2028619,861650,541270,25000,1622896,1200,5100
DEMO-1,ACC1005,LOC00304,DE,10128,Berlin,52.66265,13.11850,11092261,1736593,2941274,2500,,1100,5200
DEMO-1,ACC1005,LOC00253,DE,10622,Berlin,52.46499,13.39358,1479959,485882,111814,5000,,3000,5200
DEMO-1,ACC1010,LOC00096,BE,10739,Brussels,50.81181,4.35901,491391,109991,87998,25000,,2100,5100
DEMO-1,ACC1013,LOC00200,FR,59110,Lille,50.56347,3.09534,5462051,2416165,1590459,25000,,1050,5000
DEMO-1,ACC1003,LOC00462,DE,20217,Hamburg,53.62000,9.95558,9380820,3394403,2431707,1000,,2100,5950
DEMO-1,ACC1015,LOC00270,GB,EC760,London,51.40321,-0.16883,2883987,834159,829535,2500,,1200,5100
DEMO-1,ACC1011,LOC00327,BE,20360,Antwerp,51.37188,4.42273,1041287,162125,90519,2500,,3000,5100
DEMO-1,ACC1007,LOC00399,NL,10984,Amsterdam,52.36250,4.77194,11631680,3141519,2099678,2500,,3000,5100
DEMO-1,ACC1008,LOC00185,NL,30917,Rotterdam,51.98093,4.35333,5184058,1456799,1518459,10000,4147246,1100,5100
DEMO-1,ACC1008,LOC00405,NL,30950,Rotterdam,51.86276,4.50310,4237134,811425,981310,10000,,2100,5200
DEMO-1,ACC1010,LOC00354,BE,10559,Brussels,51.06086,4.31814,3539170,1150172,786578,2500,,1050,5200
DEMO-1,ACC1004,LOC00238,DE,60776,Frankfurt,50.05155,8.88239,4277612,1636511,977646,1000,,2100,5200
DEMO-1,ACC1007,LOC00097,NL,10603,Amsterdam,52.44595,4.82648,2961616,1033486,450135,10000,,2100,5950
DEMO-1,ACC1011,LOC00218,BE,20382,Antwerp,51.25308,4.44252,9854048,2077031,1378715,1000,,3000,5950
DEMO-1,ACC1006,LOC00316,DE,80838,Munich,48.13960,11.46531,4037055,1678621,607030,1000,,1050,5000
DEMO-1,ACC1004,LOC00090,DE,60762,Frankfurt,50.18026,8.67990,9984537,4038296,2215655,2500,,1200,5000
DEMO-1,ACC1009,LOC00418,NL,35124,Utrecht,52.22980,5.13791,1159356,461603,197126,1000,,1050,5950
DEMO-1,ACC1012,LOC00174,FR,75666,Paris,48.93304,2.53743,1713370,439830,450278,1000,,1200,5950
DEMO-1,ACC1008,LOC00313,NL,30997,Rotterdam,51.77737,4.50689,2515876,1041084,587925,10000,,3000,5950
DEMO-1,ACC1007,LOC00290,NL,10159,Amsterdam,52.26453,4.94117,3365991,1334905,622829,5000,2692793,1050,5100
DEMO-1,ACC1010,LOC00230,BE,10448,Brussels,50.84554,4.46171,455166,100536,49417,1000,,3000,5000
DEMO-1,ACC1015,LOC00303,GB,EC421,London,51.47283,-0.06156,1356663,476035,189692,5000,1085330,1100,5100
DEMO-1,ACC1008,DIRTY003,NL,30972,Rotterdam,651.2,4.30240,2408557,815966,286069,10000,,2100,5000
DEMO-1,ACC1015,LOC00216,GB,EC705,London,51.51220,-0.18949,2634649,1046674,638913,1000,2107719,1050,5000
DEMO-1,ACC1010,LOC00059,BE,10910,Brussels,50.87020,4.37412,2611963,650697,172041,1000,,1200,5100
DEMO-1,ACC1014,LOC00037,FR,69946,Lyon,45.79406,4.67309,1184074,508407,304792,10000,947259,1050,5200
DEMO-1,ACC1005,LOC00110,DE,10409,Berlin,52.51718,13.60122,4957350,1526751,1239490,25000,,1200,5000
DEMO-1,ACC1006,LOC00184,DE,80403,Munich,48.13377,11.51406,2936235,748419,662157,25000,,1100,5200
DEMO-1,ACC1009,LOC00292,NL,35154,Utrecht,52.14013,5.15780,7018556,1337968,1719245,2500,5614845,2100,5200
DEMO-1,ACC1006,LOC00208,DE,80906,Munich,48.08956,11.49508,4991873,950717,1200939,5000,,1050,5100
DEMO-1,ACC1015,LOC00029,GB,EC802,London,51.51000,-0.23178,641774,272780,123734,2500,,3000,5200
DEMO-1,ACC1002,LOC00442,DE,44179,Dortmund,51.37040,7.39946,694305,246276,63538,2500,,1050,5950
DEMO-1,ACC1010,LOC00394,BE,10104,Brussels,50.92449,4.18058,8199368,2265752,718994,2500,,1200,5200
DEMO-1,ACC1013,LOC00415,FR,59707,Lille,50.70476,3.21074,8547338,2633393,2038580,1000,,2100,5000
DEMO-1,ACC1015,LOC00259,GB,EC749,London,51.60399,-0.10600,1327375,534475,266882,5000,,2100,5100
DEMO-1,ACC1003,LOC00307,DE,20650,Hamburg,53.54079,9.91436,920183,361775,256568,25000,,2100,5000
DEMO-1,ACC1005,LOC00084,DE,10341,Berlin,52.48211,13.39415,3355338,938821,603673,25000,2684270,2100,5000
DEMO-1,ACC1011,LOC00324,BE,20869,Antwerp,51.36124,4.35729,8288466,3195755,695272,5000,6630773,3000,5200
DEMO-1,ACC1013,LOC00089,FR,59803,Lille,50.62110,2.99521,1462938,349588,333865,1000,,2100,5950
DEMO-1,ACC1001,LOC00101,DE,40405,Dusseldorf,51.15084,6.67607,2799519,1006702,416736,10000,,2100,5950
DEMO-1,ACC1002,LOC00058,DE,44422,Dortmund,51.57787,7.61080,1358426,474734,112320,25000,,1050,5000
DEMO-1,ACC1003,LOC00373,DE,20208,Hamburg,53.41036,10.09493,1602057,321942,380149,1000,1281645,1100,5950
DEMO-1,ACC1010,LOC00030,BE,10519,Brussels,50.80300,4.18009,3637179,1049717,663476,5000,2909743,2100,5000
DEMO-1,ACC1007,LOC00312,NL,10376,Amsterdam,52.37357,4.76773,2600144,702117,147907,1000,,3000,5100
DEMO-1,ACC1001,LOC00112,DE,40282,Dusseldorf,51.24649,6.87139,4114364,1654959,873899,25000,,1100,5950
DEMO-1,ACC1011,LOC00173,BE,20630,Antwerp,51.24006,4.38624,790826,191350,175351,5000,632661,2100,5950
DEMO-1,ACC1005,LOC00141,DE,10216,Berlin,52.57134,13.11677,5628118,1542120,930842,10000,4502495,3000,5200
DEMO-1,ACC1000,LOC00274,DE,50408,Cologne,51.02379,6.98736,10035072,3096840,2485453,1000,8028058,1100,5100
DEMO-1,ACC1019,LOC00381,IT,20330,Milan,45.52125,9.13298,961835,373787,161811,5000,,1050,5000
DEMO-1,ACC1007,LOC00073,NL,10312,Amsterdam,52.41526,4.93857,2079822,340252,421889,10000,1663858,1100,5100
DEMO-1,ACC1008,LOC00100,NL,30264,Rotterdam,51.84941,4.62870,5774841,2375914,903218,2500,,1050,5100
DEMO-1,ACC1006,LOC00071,DE,80686,Munich,48.11782,11.64181,1308198,319031,387999,5000,,1200,5000
DEMO-1,ACC1015,LOC00045,GB,EC341,London,51.48880,-0.14337,2711526,1023679,530530,1000,,3000,5100
DEMO-1,ACC1001,LOC00391,DE,40593,Dusseldorf,51.18768,6.83586,154877,36937,36352,2500,123901,1050,5950
DEMO-1,ACC1012,LOC00194,FR,75918,Paris,48.79554,2.39735,2681833,797712,565342,1000,2145467,3000,5100
DEMO-1,ACC1000,LOC00109,DE,50927,Cologne,50.86013,6.99069,5078335,1055228,304683,25000,4062668,1050,5100
DEMO-1,ACC1006,LOC00111,DE,80494,Munich,48.10529,11.67788,2887285,937039,412639,5000,,1050,5200
DEMO-1,ACC1008,LOC00447,NL,30237,Rotterdam,51.88610,4.52088,2827835,614757,595508,2500,,3000,5950
DEMO-1,ACC1000,LOC00293,DE,50310,Cologne,50.91518,6.98357,831097,146472,83228,25000,664878,2100,5200
DEMO-1,ACC1006,LOC00262,DE,80470,Munich,48.18227,11.62119,5853114,1646890,1315969,10000,,3000,5950
DEMO-1,ACC1012,LOC00122,FR,75720,Paris,48.84043,2.34674,4370836,1373607,325293,5000,,1100,5200
DEMO-1,ACC1004,LOC00359,DE,60258,Frankfurt,49.99552,8.64615,303883,100885,54944,5000,,1100,5950
DEMO-1,ACC1014,LOC00271,FR,69929,Lyon,45.85206,4.85465,528255,189440,134887,5000,,2100,5000
DEMO-1,ACC1001,LOC00210,DE,40725,Dusseldorf,51.19251,6.67691,3614413,1610245,999730,1000,,1050,5950
DEMO-1,ACC1013,LOC00048,FR,59211,Lille,50.69967,2.94996,3151477,1316125,663854,10000,2521182,1200,5200
DEMO-1,ACC1012,LOC00135,FR,75956,Paris,48.81938,2.22202,5488381,1216390,1562391,25000,4390705,1050,5950
DEMO-1,ACC1012,LOC00069,FR,75544,Paris,48.98209,2.38657,5576805,1543901,756960,10000,,1050,5950
DEMO-1,ACC1005,LOC00449,DE,10567,Berlin,52.52127,13.51958,5324970,1409027,407474,10000,,1200,5100
DEMO-1,ACC1002,LOC00102,DE,44688,Dortmund,51.54455,7.63679,4019859,822862,632614,2500,,1200,5950
DEMO-1,ACC1009,LOC00021,NL,35359,Utrecht,51.90936,4.96016,862113,357543,224884,2500,,3000,5200
DEMO-1,ACC1001,LOC00249,DE,40289,Dusseldorf,51.30950,6.68946,16940984,4193180,2041384,25000,13552788,3000,5200
DEMO-1,ACC1010,LOC00458,BE,10970,Brussels,50.93307,4.37661,5124203,1828646,1434888,5000,,1200,5000
DEMO-1,ACC1001,LOC00016,DE,40214,Dusseldorf,51.06361,6.89069,2644150,785850,425625,10000,,1200,5000
DEMO-1,ACC1002,LOC00402,DE,44608,Dortmund,51.60023,7.37722,15015844,6440141,3231407,5000,,1100,5100
DEMO-1,ACC1001,LOC00082,DE,40256,Dusseldorf,51.26068,6.70076,1355941,484923,239818,2500,1084752,1200,5200
DEMO-1,ACC1012,LOC00384,FR,75783,Paris,48.88044,2.43234,2051812,790669,491599,5000,,1200,5200
DEMO-1,ACC1001,LOC00439,DE,40360,Dusseldorf,51.30104,6.68348,1114954,362812,322347,1000,,1100,5950
DEMO-1,ACC1013,LOC00427,FR,59291,Lille,50.66026,3.02493,2215450,658875,503869,1000,1772360,2100,5000
DEMO-1,ACC1010,LOC00289,BE,10988,Brussels,50.74140,4.18785,1108574,276053,101638,2500,,1050,5200
DEMO-1,ACC1017,LOC00423,GB,M1947,Manchester,53.46514,-2.07291,3061599,594080,596527,25000,,3000,5100
DEMO-1,ACC1002,LOC00336,DE,44889,Dortmund,51.53703,7.34171,104332,22645,20607,10000,,1100,5200
DEMO-1,ACC1004,LOC00148,DE,60591,Frankfurt,50.04751,8.81122,6689578,1285845,613584,1000,5351662,1050,5100
DEMO-1,ACC1008,LOC00315,NL,30690,Rotterdam,51.98090,4.65882,582543,147891,79042,25000,466035,1100,5950
DEMO-1,ACC1008,LOC00138,NL,30149,Rotterdam,51.89464,4.64699,7647170,1680460,1899181,5000,,1050,5200
DEMO-1,ACC1014,LOC00408,FR,69317,Lyon,45.66859,4.99207,3597442,969285,226340,1000,2877953,3000,5950
DEMO-1,ACC1003,LOC00198,DE,20697,Hamburg,53.40830,9.83573,1974368,850046,377103,2500,,1100,5200
DEMO-1,ACC1000,LOC00356,DE,50970,Cologne,50.94677,7.10640,1407343,315438,95934,5000,1125875,1100,5200
DEMO-1,ACC1003,LOC00040,DE,20308,Hamburg,53.61139,10.01255,1862755,837312,365438,5000,,3000,5100
DEMO-1,ACC1003,LOC00285,DE,20828,Hamburg,53.61642,10.23447,2039215,526583,513590,2500,,1200,5200
DEMO-1,ACC1005,LOC00326,DE,10784,Berlin,52.55302,13.52805,1271853,465765,122766,25000,,1050,5000
DEMO-1,ACC1018,LOC00279,ES,28388,Madrid,40.55627,-3.89473,1852325,755935,150653,2500,,3000,5950
DEMO-1,ACC1015,LOC00087,GB,EC849,London,51.55294,-0.26463,2545044,1064697,656607,5000,2036035,1200,5950
DEMO-1,ACC1011,LOC00398,BE,20872,Antwerp,51.31625,4.29440,4470276,1362192,1026711,2500,,1050,5950
DEMO-1,ACC1002,LOC00177,DE,44670,Dortmund,51.42564,7.55097,1859131,410615,159646,5000,,2100,5100
DEMO-1,ACC1001,LOC00051,DE,40215,Dusseldorf,51.22028,6.82793,5017785,818734,714024,1000,,3000,5000
DEMO-1,ACC1008,LOC00473,NL,30191,Rotterdam,51.86378,4.50006,7159386,2593343,995411,25000,,1200,5100
DEMO-1,ACC1019,LOC00322,IT,20794,Milan,45.39914,9.09972,1826162,497235,249414,5000,1460930,3000,5200
DEMO-1,ACC1017,LOC00015,GB,M1337,Manchester,53.55701,-2.26329,1418529,524138,287958,1000,1134823,1100,5200
DEMO-1,ACC1017,LOC00376,GB,M1357,Manchester,53.51279,-2.12015,2850858,1191441,591176,25000,2280686,1100,5200
DEMO-1,ACC1011,LOC00242,BE,20787,Antwerp,51.38279,4.55811,1193775,427462,215119,1000,955020,3000,5200
DEMO-1,ACC1007,LOC00120,NL,10654,Amsterdam,52.41874,4.99069,8562258,2262682,602657,10000,,3000,5000
DEMO-1,ACC1005,LOC00475,DE,10168,Berlin,52.61985,13.35211,1746171,693873,472951,5000,,1050,5100
DEMO-1,ACC1006,LOC00154,DE,80530,Munich,48.24535,11.35305,1876092,687625,247591,5000,1500874,2100,5200
DEMO-1,ACC1014,LOC00224,FR,69993,Lyon,45.85494,4.84457,5068002,831031,1215090,10000,,1200,5100
DEMO-1,ACC1007,LOC00299,NL,10918,Amsterdam,52.24869,4.85389,1064962,262992,219232,25000,,1100,5950
DEMO-1,ACC1000,LOC00094,DE,50369,Cologne,50.81780,6.92163,3786131,784137,638040,1000,,1200,5200
DEMO-1,ACC1013,LOC00305,FR,59818,Lille,50.69954,3.02655,2650354,402818,666785,2500,,1100,5100
DEMO-1,ACC1015,LOC00025,GB,EC906,London,51.39906,-0.12995,2240811,603392,537521,2500,,3000,5200
DEMO-1,ACC1012,LOC00352,FR,75955,Paris,48.84474,2.41004,1897188,838785,249576,5000,1517751,1200,5100
DEMO-1,ACC1007,LOC00108,NL,10923,Amsterdam,52.42322,4.96245,3152202,1092717,202650,2500,,2100,5000
DEMO-1,ACC1014,LOC00160,FR,69757,Lyon,45.79866,4.86807,7068881,2605628,777925,1000,5655105,1100,5100
DEMO-1,ACC1000,LOC00050,DE,50351,Cologne,51.06239,7.02383,1485210,505809,427298,2500,1188168,3000,5200
DEMO-1,ACC1006,LOC00133,DE,80202,Munich,48.22106,11.66430,1426451,303370,349971,25000,,1200,5200
DEMO-1,ACC1015,LOC00246,GB,EC930,London,51.55343,-0.11876,2118664,734019,306016,2500,,2100,5950
DEMO-1,ACC1000,LOC00219,DE,50311,Cologne,50.86493,6.77955,3556529,1533786,1013294,1000,,2100,5100
DEMO-1,ACC1001,LOC00147,DE,40972,Dusseldorf,51.34259,6.58543,931759,204820,197535,5000,,1100,5200
DEMO-1,ACC1007,LOC00131,NL,10291,Amsterdam,52.41857,4.91863,1072469,304839,89158,10000,,1100,5000
DEMO-1,ACC1006,LOC00410,DE,80828,Munich,48.08533,11.61458,765357,340066,108169,5000,,1100,5200
DEMO-1,ACC1005,LOC00357,DE,10756,Berlin,52.48222,13.35493,10623766,1893106,885487,10000,,2100,5100
DEMO-1,ACC1000,LOC00372,DE,50212,Cologne,50.79162,7.07509,8132469,3487012,1609152,10000,,2100,5950
DEMO-1,ACC1001,LOC00469,DE,40622,Dusseldorf,51.18952,6.85107,2439191,455504,212905,1000,,1200,5200
DEMO-1,ACC1012,LOC00076,FR,75450,Paris,48.85142,2.11532,1875721,575931,361952,1000,,1200,5200
DEMO-1,ACC1000,LOC00077,DE,50284,Cologne,50.82983,6.77288,2264596,460938,625854,2500,1811676,1050,5200
DEMO-1,ACC1009,LOC00341,NL,35258,Utrecht,52.07024,5.20315,5781857,2560394,1327205,1000,,1100,5950
DEMO-1,ACC1000,LOC00028,DE,50880,Cologne,51.03568,7.03882,10473384,2090804,2378879,2500,,1050,5200
DEMO-1,ACC1004,LOC00480,DE,60233,Frankfurt,50.21054,8.69262,4525054,1408459,580061,1000,,1100,5200
DEMO-1,ACC1002,LOC00318,DE,44651,Dortmund,51.38676,7.27860,1819137,504997,467940,5000,,1050,5000
DEMO-1,ACC1013,LOC00117,FR,59495,Lille,50.64158,2.95729,1701310,393038,110867,5000,,2100,5000
DEMO-1,ACC1003,DIRTY008,ZZ,20226,Hamburg,53.58019,10.09420,1963034,574408,582984,1000,,1050,5000
DEMO-1,ACC1004,LOC00294,DE,60789,Frankfurt,50.07022,8.62784,512917,159366,129163,2500,410334,1100,5100
DEMO-1,ACC1016,LOC00167,GB,B1803,Birmingham,52.47874,-2.01204,16019768,2719344,1014593,10000,,1050,5000
DEMO-1,ACC1001,LOC00461,DE,40250,Dusseldorf,51.15663,6.89541,1928602,723611,188017,5000,,2100,5950
DEMO-1,ACC1005,LOC00387,DE,10476,Berlin,52.46814,13.38166,3106913,1318758,701409,2500,,2100,5200
DEMO-1,ACC1010,LOC00128,BE,10481,Brussels,50.93726,4.17801,4666521,1725952,330019,1000,,2100,5000
DEMO-1,ACC1005,LOC00370,DE,10287,Berlin,52.59482,13.34184,4992069,1977669,691566,1000,3993655,3000,5200
DEMO-1,ACC1001,LOC00124,DE,40675,Dusseldorf,51.23344,6.77640,2129914,718088,507967,5000,,1200,5100
DEMO-1,ACC1014,LOC00134,FR,69330,Lyon,45.78701,5.06363,5912292,1199738,784853,10000,,3000,5100
DEMO-1,ACC1004,LOC00047,DE,60887,Frankfurt,50.08333,8.62230,826240,269602,93203,10000,,1100,5000
DEMO-1,ACC1013,LOC00034,FR,59607,Lille,50.63439,3.16994,423006,121820,25861,1000,338405,1050,5000
DEMO-1,ACC1008,LOC00005,NL,30308,Rotterdam,52.03697,4.53305,10992504,4517649,1202403,10000,8794003,3000,5200
DEMO-1,ACC1001,LOC00365,DE,40604,Dusseldorf,51.33600,7.02991,5596183,983902,382595,1000,,1050,5950
DEMO-1,ACC1007,LOC00433,NL,10980,Amsterdam,52.32014,5.03042,13298102,3344312,3954742,25000,,3000,5950
DEMO-1,ACC1010,LOC00416,BE,10264,Brussels,50.93525,4.58144,743151,159582,39645,5000,594521,3000,5100
DEMO-1,ACC1000,LOC00081,DE,50969,Cologne,50.80505,6.89579,740036,251824,212680,1000,592028,2100,5950
DEMO-1,ACC1010,LOC00064,BE,10454,Brussels,50.88343,4.11531,8276420,2929361,945811,5000,6621136,1200,5000
DEMO-1,ACC1000,LOC00361,DE,50529,Cologne,50.90363,7.17597,3814230,816270,936519,5000,,1100,5200
DEMO-1,ACC1012,LOC00330,FR,75395,Paris,48.92049,2.41729,2526105,1089569,656281,25000,,2100,5200
DEMO-1,ACC1002,LOC00435,DE,44475,Dortmund,51.62031,7.41177,716796,151401,149412,25000,,1100,5100
DEMO-1,ACC1012,LOC00486,FR,75418,Paris,48.81651,2.24280,5576558,2376982,993937,25000,,2100,5200
DEMO-1,ACC1009,LOC00382,NL,35946,Utrecht,52.05419,5.03887,922069,215994,96967,5000,,3000,5950
DEMO-1,ACC1004,LOC00247,DE,60129,Frankfurt,50.15739,8.73832,1498280,235640,262743,5000,,2100,5200
DEMO-1,ACC1012,LOC00240,FR,75583,Paris,48.73016,2.37451,3488666,1114051,223324,10000,,3000,5000
DEMO-1,ACC1002,LOC00132,DE,44384,Dortmund,51.44227,7.32692,2556318,652728,220555,1000,,2100,5200
DEMO-1,ACC1011,LOC00397,BE,20994,Antwerp,51.26075,4.32855,1413558,479483,243067,1000,,1050,5950
DEMO-1,ACC1015,LOC00455,GB,EC937,London,51.56524,0.12488,3402590,767384,937161,5000,2722072,3000,5100
DEMO-1,ACC1006,LOC00031,DE,80233,Munich,48.17042,11.61320,4753848,1566397,355713,25000,,2100,5200
DEMO-1,ACC1015,LOC00083,GB,EC980,London,51.56989,-0.17960,1310907,251912,229713,5000,,3000,5000
DEMO-1,ACC1005,LOC00139,DE,10700,Berlin,52.50169,13.42670,10852162,2906358,2544153,1000,,1050,5200
DEMO-1,ACC1006,LOC00347,DE,80682,Munich,48.06399,11.53961,2245188,428448,145458,2500,,2100,5950
DEMO-1,ACC1015,LOC00225,GB,EC473,London,51.52191,0.01491,2115336,607521,130323,10000,,1050,5000
DEMO-1,ACC1018,LOC00412,ES,28963,Madrid,40.39655,-3.72130,5838520,1706853,1290502,1000,,1050,5000
DEMO-1,ACC1001,LOC00383,DE,40241,Dusseldorf,51.26184,6.75908,2903731,948150,852847,25000,2322985,1050,5100
DEMO-1,ACC1014,LOC00205,FR,69388,Lyon,45.81824,4.84566,2030460,841482,280013,1000,1624368,3000,5950
DEMO-1,ACC1017,LOC00165,GB,M1970,Manchester,53.43094,-2.27264,1501551,231366,394074,2500,1201241,1050,5950
DEMO-1,ACC1009,LOC00340,NL,35930,Utrecht,52.10431,5.12747,372034,75810,54476,1000,297627,1050,5950
DEMO-1,ACC1012,LOC00301,FR,75922,Paris,48.94955,2.29169,3204712,1281552,855404,10000,,1050,5100
DEMO-1,ACC1000,LOC00478,DE,50572,Cologne,50.88078,7.05887,5114846,1404719,1312905,25000,,1050,5200
DEMO-1,ACC1004,DIRTY011,DE,60400,Frankfurt,50.08136,8.71929,981178,355415,115086,25000,0,1200,5100
DEMO-1,ACC1009,LOC00300,NL,35821,Utrecht,52.10349,4.96697,2637476,753016,430555,5000,,3000,5100
DEMO-1,ACC1016,LOC00002,GB,B1551,Birmingham,52.53977,-1.92000,3759263,1508706,671181,5000,3007410,3000,5200
DEMO-1,ACC1005,LOC00179,DE,10796,Berlin,52.46974,13.65085,2113064,603572,444263,25000,1690451,1200,5100
DEMO-1,ACC1012,LOC00190,FR,75325,Paris,48.85566,2.33177,812184,345148,195252,25000,649747,2100,5950
DEMO-1,ACC1012,DIRTY006,FR,75922,Paris,48.80899,2.30238,0,0,0,5000,,1050,5200
DEMO-1,ACC1015,LOC00335,GB,EC934,London,51.59205,-0.25888,1350013,449941,184788,25000,1080011,3000,5200
DEMO-1,ACC1002,LOC00419,DE,44747,Dortmund,51.55102,7.46960,2790446,687854,538338,5000,2232357,2100,5000
DEMO-1,ACC1007,LOC00024,NL,10450,Amsterdam,52.40223,4.84564,13923096,3776295,3253097,25000,11138477,1050,5000
DEMO-1,ACC1000,LOC00245,DE,50205,Cologne,50.96778,7.03335,6330271,1386031,329638,2500,,2100,5100
DEMO-1,ACC1000,LOC00302,DE,50146,Cologne,50.92316,6.94409,10624626,2051035,1139167,10000,8499701,3000,5200
DEMO-1,ACC1001,LOC00328,DE,40495,Dusseldorf,51.39476,6.71487,2288906,830873,309335,5000,1831125,1050,5200
DEMO-1,ACC1002,LOC00411,DE,44823,Dortmund,51.50111,7.42492,1219230,514207,87422,10000,975384,1100,5200
DEMO-1,ACC1005,LOC00278,DE,10357,Berlin,52.50316,13.39526,4856142,1347547,1003340,2500,3884914,1200,5950
DEMO-1,ACC1007,LOC00465,NL,10310,Amsterdam,52.31413,4.84153,2130059,850161,137119,5000,,1200,5950
DEMO-1,ACC1002,LOC00268,DE,44924,Dortmund,51.48352,7.44521,1016261,428366,56598,2500,,1100,5100
DEMO-1,ACC1014,LOC00168,FR,69387,Lyon,45.67794,5.06384,2118507,660607,556418,25000,,3000,5000
DEMO-1,ACC1000,LOC00291,DE,50436,Cologne,51.00715,7.07131,4592255,1351527,449134,2500,,2100,5200
DEMO-1,ACC1003,LOC00429,DE,20171,Hamburg,53.69688,10.07401,1425058,506509,165276,5000,,1050,5200
DEMO-1,ACC1002,LOC00385,DE,44894,Dortmund,51.61882,7.50805,2497368,667940,428150,25000,1997894,1100,5000
DEMO-1,ACC1002,LOC00107,DE,44962,Dortmund,51.39889,7.53045,746503,280607,112657,1000,,3000,5000
DEMO-1,ACC1012,LOC00007,FR,75126,Paris,48.78382,2.19226,17797185,4465376,2659438,5000,,1050,5100
DEMO-1,ACC1017,LOC00470,GB,M1537,Manchester,53.42850,-2.28805,3765723,782884,612344,5000,,1050,5200
DEMO-1,ACC1007,LOC00386,NL,10398,Amsterdam,52.36464,4.79307,490590,90616,34717,1000,392472,3000,5100
DEMO-1,ACC1015,LOC00314,GB,EC474,London,51.51851,-0.22945,1590602,685800,104885,1000,,1050,5950
DEMO-1,ACC1017,LOC00482,GB,M1943,Manchester,53.48663,-2.25450,3508349,918612,351150,25000,,1100,5000
DEMO-1,ACC1002,LOC00106,DE,44554,Dortmund,51.52826,7.39157,729645,168034,109599,5000,583716,3000,5000
DEMO-1,ACC1002,LOC00166,DE,44581,Dortmund,51.40110,7.56837,6735535,1371146,775931,10000,,2100,5000
DEMO-1,ACC1017,LOC00277,GB,M1176,Manchester,53.41829,-2.34743,3852331,1297708,716649,5000,,1050,5100
DEMO-1,ACC1019,LOC00222,IT,20828,Milan,45.41707,9.19904,4012849,945182,318948,2500,,2100,5200
DEMO-1,ACC1004,LOC00479,DE,60956,Frankfurt,50.00477,8.48754,2272551,889448,373670,1000,,1100,5950
DEMO-1,ACC1001,LOC00039,DE,40280,Dusseldorf,51.33423,6.85479,2298232,850778,152417,1000,,3000,5200
DEMO-1,ACC1009,LOC00431,NL,35444,Utrecht,52.11464,5.05841,1031242,428212,184843,10000,,1050,5950
DEMO-1,ACC1005,LOC00448,DE,10797,Berlin,52.44787,13.34803,5425435,1300239,903405,5000,,1200,5000
DEMO-1,ACC1007,LOC00126,NL,10185,Amsterdam,52.42985,4.92736,1068231,397835,117077,1000,854585,1100,5950
DEMO-1,ACC1004,LOC00459,DE,60706,Frankfurt,50.15836,8.56729,1021608,193861,283252,25000,817287,3000,5950
DEMO-1,ACC1001,LOC00186,DE,40262,Dusseldorf,51.24311,6.89181,7034693,2899837,965003,10000,5627755,3000,5200
DEMO-1,ACC1010,LOC00206,BE,10587,Brussels,50.82922,4.35578,6958298,2495637,1814804,25000,,1100,5200
DEMO-1,ACC1000,LOC00358,DE,50975,Cologne,50.90587,7.18712,3161696,519943,186280,5000,,2100,5100
DEMO-1,ACC1007,LOC00009,NL,10954,Amsterdam,52.26366,4.95052,661410,180906,115899,10000,,2100,5100
DEMO-1,ACC1001,LOC00353,DE,40737,Dusseldorf,51.30397,6.52626,3757997,1392650,303092,1000,3006397,3000,5950
DEMO-1,ACC1012,LOC00233,FR,75204,Paris,48.89085,2.19143,2654365,1153993,343318,25000,2123492,1200,5100
DEMO-1,ACC1019,LOC00453,IT,20419,Milan,45.58602,9.35417,262939,40733,71731,10000,210351,2100,5100
DEMO-1,ACC1017,LOC00079,GB,M1326,Manchester,53.52692,-2.12193,2179951,477151,495494,1000,,2100,5000
DEMO-1,ACC1019,LOC00484,IT,20273,Milan,45.51370,9.33299,5653743,1114336,664839,25000,,3000,5000
DEMO-1,ACC1000,LOC00014,DE,50442,Cologne,50.98649,7.00113,2311666,677435,234559,5000,1849333,3000,5000
DEMO-1,ACC1006,LOC00056,DE,80788,Munich,48.14887,11.57462,3888783,1546020,956494,10000,,2100,5200
DEMO-1,ACC1000,LOC00227,DE,50418,Cologne,51.12791,6.98193,4760909,2080257,1313878,25000,,1100,5200
DEMO-1,ACC1004,LOC00170,DE,60471,Frankfurt,50.17753,8.71351,1101097,390966,275743,2500,,1100,5100
DEMO-1,ACC1003,LOC00105,DE,20387,Hamburg,53.48744,10.10424,1612441,408932,345277,1000,1289953,1100,5200
DEMO-1,ACC1008,LOC00374,NL,30680,Rotterdam,51.88120,4.37488,2991037,1252030,347361,2500,,1200,5000
DEMO-1,ACC1001,LOC00421,DE,40710,Dusseldorf,51.30494,6.80133,562208,96846,94323,5000,449766,1050,5200
DEMO-1,ACC1002,LOC00001,DE,44611,Dortmund,51.50996,7.43284,1937991,356715,427934,25000,,2100,5950
DEMO-1,ACC1008,LOC00281,NL,30325,Rotterdam,51.83391,4.62982,5403118,1260649,811629,2500,,3000,5100
DEMO-1,ACC1016,LOC00212,GB,B1849,Birmingham,52.52241,-1.91972,860809,333773,140230,10000,,1100,5100
DEMO-1,ACC1007,LOC00035,NL,10681,Amsterdam,52.24417,4.94406,1858040,609464,440541,1000,,1100,5950
DEMO-1,ACC1001,LOC00380,DE,40697,Dusseldorf,51.22695,6.54465,2269791,740195,266924,10000,,1100,5200
DEMO-1,ACC1015,LOC00055,GB,EC447,London,51.55316,-0.04875,2005603,311663,436068,10000,,1100,5950
DEMO-1,ACC1000,LOC00450,DE,50806,Cologne,51.05739,6.93995,6622860,1223420,880398,1000,,3000,5950
DEMO-1,ACC1017,LOC00437,GB,M1475,Manchester,53.40542,-2.39653,5117599,830617,1177455,1000,4094079,1200,5200
DEMO-1,ACC1016,DIRTY002,GB,B1551,Birmingham,,,3759263,1508706,671181,5000,3007410,3000,5200
DEMO-1,ACC1000,LOC00269,DE,50425,Cologne,50.95508,7.05516,1335274,328043,133147,5000,,1200,5100
DEMO-1,ACC1005,LOC00119,DE,10860,Berlin,52.57143,13.47495,1863701,420273,380244,2500,,1100,5950
DEMO-1,ACC1011,LOC00333,BE,20473,Antwerp,51.31857,4.49467,14573910,4759746,3976603,5000,,1100,5200
DEMO-1,ACC1001,LOC00407,DE,40706,Dusseldorf,51.27612,6.78379,1991962,382752,420595,2500,,1200,5000
DEMO-1,ACC1017,LOC00263,GB,M1741,Manchester,53.45315,-2.37767,3413099,1208387,514852,5000,,1200,5200
DEMO-1,ACC1003,LOC00008,DE,20226,Hamburg,53.58019,10.09420,1963034,574408,582984,1000,,1050,5000
DEMO-1,ACC1000,LOC00164,DE,50987,Cologne,50.92434,6.94705,3486717,1308080,555938,10000,,1200,5000
DEMO-1,ACC1002,LOC00088,DE,44561,Dortmund,51.52787,7.32120,2475284,1094414,524157,5000,1980227,3000,5950
DEMO-1,ACC1017,LOC00026,GB,M1149,Manchester,53.52758,-2.35236,2628665,862482,662805,2500,,1100,5000
DEMO-1,ACC1005,LOC00367,DE,10812,Berlin,52.38254,13.28174,2300646,519497,279683,2500,1840517,1100,5000
DEMO-1,ACC1000,LOC00390,DE,50227,Cologne,50.80246,6.92560,563118,121734,115330,25000,,2100,5200
DEMO-1,ACC1012,LOC00409,FR,75296,Paris,48.73739,2.43335,1112739,473072,238116,10000,,1100,5950
DEMO-1,ACC1017,LOC00182,GB,M1129,Manchester,53.53357,-2.27477,869642,337505,227088,5000,,3000,5100
DEMO-1,ACC1002,LOC00116,DE,44455,Dortmund,51.48924,7.33518,880067,372693,230334,2500,,2100,5200
DEMO-1,ACC1015,LOC00280,GB,EC390,London,51.29274,0.07913,5612009,1334304,1106541,25000,4489607,2100,5000
DEMO-1,ACC1016,LOC00342,GB,B1781,Birmingham,52.50209,-2.06838,2640558,1004330,659706,5000,,1200,5000
DEMO-1,ACC1003,LOC00243,DE,20414,Hamburg,53.47735,10.00680,4142958,639738,1241124,2500,,1200,5950
DEMO-1,ACC1011,LOC00049,BE,20782,Antwerp,51.13834,4.47348,2598226,459703,410328,10000,,1200,5100
DEMO-1,ACC1016,LOC00237,GB,B1162,Birmingham,52.49876,-1.87745,915654,194888,167658,5000,,1100,5100
DEMO-1,ACC1017,LOC00464,GB,M1697,Manchester,53.40091,-2.20297,1975874,458947,477246,25000,1580699,1050,5200
DEMO-1,ACC1012,DIRTY007,US,75126,Paris,48.78382,2.19226,17797185,4465376,2659438,5000,,1050,5100
DEMO-1,ACC1003,LOC00257,DE,20348,Hamburg,53.57054,9.95317,6846467,1142567,1754063,10000,,1050,5000
DEMO-1,ACC1006,LOC00202,DE,80486,Munich,48.06669,11.76923,4561798,1997875,1325381,25000,,1200,5200
DEMO-1,ACC1007,LOC00189,NL,10800,Amsterdam,52.38508,4.98164,2502199,549116,535255,2500,,1100,5200
DEMO-1,ACC1000,LOC00369,DE,50397,Cologne,50.86264,6.88311,2650892,652184,316014,10000,2120713,1200,5200
DEMO-1,ACC1005,LOC00389,DE,10390,Berlin,52.46386,13.29028,7945016,2499561,537398,2500,,1100,5200
DEMO-1,ACC1003,LOC00295,DE,20760,Hamburg,53.40699,10.23363,469923,187006,26433,10000,,3000,5000
DEMO-1,ACC1013,LOC00474,FR,59499,Lille,50.53176,3.18832,1400823,308338,374327,5000,1120658,2100,5000
DEMO-1,ACC1008,LOC00215,NL,30865,Rotterdam,51.96518,4.40432,4352996,1176593,389205,5000,3482396,2100,5950
DEMO-1,ACC1015,LOC00010,GB,EC640,London,51.49085,-0.02900,7026759,2516489,1848276,10000,5621407,1050,5000
DEMO-1,ACC1002,LOC00460,DE,44919,Dortmund,51.36316,7.54110,1223316,485447,228233,2500,,1050,5000
DEMO-1,ACC1003,LOC00258,DE,20777,Hamburg,53.42671,10.09244,2202987,429988,616106,5000,,1200,5950
DEMO-1,ACC1003,LOC00349,DE,20221,Hamburg,53.52056,9.91151,2900800,865376,565004,1000,2320640,1200,5100
DEMO-1,ACC1012,LOC00298,FR,75313,Paris,48.87511,2.22478,1071438,391642,79155,10000,857150,1200,5100
DEMO-1,ACC1003,LOC00273,DE,20981,Hamburg,53.62863,9.92633,4926971,826694,1008340,5000,,3000,5950
DEMO-1,ACC1003,LOC00250,DE,20964,Hamburg,53.67733,10.09453,1051825,465652,63758,1000,,1050,5200
DEMO-1,ACC1017,LOC00199,GB,M1540,Manchester,53.33424,-2.24295,29705038,7842765,5546791,1000,23764030,2100,5100
DEMO-1,ACC1000,LOC00220,DE,50997,Cologne,51.01758,6.98974,1409722,554410,93797,1000,,2100,5100
DEMO-1,ACC1012,LOC00265,FR,75700,Paris,48.86642,2.38873,3772076,714870,1067288,2500,3017661,1050,5200
DEMO-1,ACC1000,LOC00162,DE,50997,Cologne,50.88813,6.81296,1202928,243713,262208,10000,,2100,5100
DEMO-1,ACC1012,LOC00115,FR,75638,Paris,48.87387,2.26265,6309317,1395762,1482404,5000,,2100,5950
DEMO-1,ACC1001,LOC00264,DE,40576,Dusseldorf,51.24236,6.97207,6480414,2228449,1301437,2500,,1100,5100
DEMO-1,ACC1012,LOC00282,FR,75638,Paris,48.79357,2.35572,7562212,1670026,1553948,25000,6049770,1100,5950
DEMO-1,ACC1016,LOC00388,GB,B1574,Birmingham,52.48488,-1.86128,3203256,1202857,349788,5000,,1100,5100
DEMO-1,ACC1011,LOC00091,BE,20176,Antwerp,51.12801,4.18716,825383,299447,168318,25000,,2100,5200
DEMO-1,ACC1010,LOC00036,BE,10458,Brussels,50.88408,4.25884,2535572,1032344,373453,5000,,1100,5000
DEMO-1,ACC1001,LOC00371,DE,40488,Dusseldorf,51.23422,6.86981,4255950,1765183,326813,5000,,1050,5100
DEMO-1,ACC1008,LOC00452,NL,30570,Rotterdam,51.85028,4.38923,1841461,468967,500010,1000,,2100,5200
DEMO-1,ACC1015,LOC00146,GB,EC921,London,51.48336,-0.11153,2249022,840125,152940,5000,,1050,5100
DEMO-1,ACC1000,LOC00221,DE,50729,Cologne,50.87499,7.26974,4324171,1071849,223472,2500,,1200,5100
DEMO-1,ACC1012,LOC00483,FR,75476,Paris,48.85099,2.32532,2222453,599302,332556,5000,,1050,5200
DEMO-1,ACC1007,LOC00004,NL,10568,Amsterdam,52.43766,4.86239,1085169,468727,173562,10000,,3000,5100
DEMO-1,ACC1016,LOC00284,GB,B1312,Birmingham,52.55098,-2.18358,1166815,416945,300484,25000,,1050,5950
DEMO-1,ACC1000,LOC00066,DE,50267,Cologne,50.96282,7.00680,12230137,3167732,2532510,10000,,3000,5100
DEMO-1,ACC1007,LOC00217,NL,10294,Amsterdam,52.45025,4.94393,7017449,2334464,475474,5000,,1050,5000
DEMO-1,ACC1013,LOC00393,FR,59479,Lille,50.59957,2.91658,7185722,2861754,425600,5000,5748577,1050,5950
DEMO-1,ACC1008,LOC00046,NL,30224,Rotterdam,51.86349,4.58506,1217043,398482,113994,25000,,1100,5950
DEMO-1,ACC1011,LOC00152,BE,20400,Antwerp,51.25250,4.47546,1779230,400558,414889,2500,,2100,5200
DEMO-1,ACC1003,LOC00272,DE,20819,Hamburg,53.58214,9.89199,4933610,1219439,1005437,1000,3946888,1050,5200
DEMO-1,ACC1001,LOC00187,DE,40501,Dusseldorf,51.31625,6.70201,9978999,1952721,1137691,1000,,1050,5100
DEMO-1,ACC1015,LOC00067,GB,EC758,London,51.44589,-0.24837,9185390,2970604,2249608,1000,,1100,5100
DEMO-1,ACC1004,LOC00338,DE,60372,Frankfurt,50.20831,8.67808,2987265,1025440,581544,10000,,2100,5100
DEMO-1,ACC1016,LOC00252,GB,B1945,Birmingham,52.48528,-1.81287,1738864,610385,472998,10000,,1050,5950
DEMO-1,ACC1003,LOC00123,DE,20166,Hamburg,53.63556,10.23588,857986,319960,157152,1000,686389,1200,5000
DEMO-1,ACC1008,LOC00309,NL,30730,Rotterdam,51.93926,4.50244,3520017,813805,490347,5000,,3000,5100
DEMO-1,ACC1016,LOC00275,GB,B1190,Birmingham,52.53470,-1.94687,1345438,463750,241368,5000,,3000,5100
DEMO-1,ACC1000,DIRTY012,DE,50864,Cologne,50.97793,7.03845,n/a,,,5000,,2100,5200
DEMO-1,ACC1003,LOC00413,DE,20285,Hamburg,53.57109,10.08711,651946,260041,139947,25000,,1100,5200
DEMO-1,ACC1009,LOC00236,NL,35186,Utrecht,52.11637,5.13154,2153581,647119,345479,5000,,1100,5200
DEMO-1,ACC1014,LOC00053,FR,69896,Lyon,45.68452,4.99462,894313,337112,55787,10000,715450,1100,5000
DEMO-1,ACC1006,LOC00234,DE,80981,Munich,48.16441,11.59916,1447682,498857,227680,25000,1158146,1100,5000
DEMO-1,ACC1012,LOC00235,FR,75902,Paris,48.84462,2.28075,1218797,315531,191666,10000,,1200,5200
DEMO-1,ACC1004,LOC00104,DE,60664,Frankfurt,50.14092,8.63203,2571166,423514,165164,25000,,1100,5100
DEMO-1,ACC1002,LOC00223,DE,44771,Dortmund,51.52529,7.24612,11223140,3437008,1494400,2500,,2100,5950
DEMO-1,ACC1015,LOC00226,GB,EC936,London,51.58267,-0.05637,3552186,735800,663154,2500,,3000,5950
DEMO-1,ACC1012,LOC00396,FR,75160,Paris,48.79848,2.22185,5888553,1985945,1274431,2500,,1200,5000
DEMO-1,ACC1004,LOC00308,DE,60601,Frankfurt,50.16558,8.68920,1121217,448176,155290,2500,896974,1100,5000
DEMO-1,ACC1003,LOC00054,DE,20861,Hamburg,53.56522,10.03441,8059256,3331546,968470,5000,,1050,5000
DEMO-1,ACC1012,LOC00169,FR,75748,Paris,48.92511,2.38140,675937,166379,120047,5000,,3000,5100
DEMO-1,ACC1000,LOC00325,DE,50310,Cologne,50.98680,6.85540,5151210,1636628,1284373,5000,4120968,1050,5200
DEMO-1,ACC1014,LOC00033,FR,69846,Lyon,45.76897,4.79201,1236678,224058,250558,25000,,2100,5100
DEMO-1,ACC1016,LOC00476,GB,B1104,Birmingham,52.44428,-2.11459,7990503,1839070,1606955,5000,,1050,5200
DEMO-1,ACC1007,DIRTY004,NL,10568,Amsterdam,52.43766,4.86239,0,0,0,10000,,3000,5100
DEMO-1,ACC1013,LOC00426,FR,59419,Lille,50.49228,2.99140,3057406,1163162,269043,1000,,1100,5000
DEMO-1,ACC1000,LOC00012,DE,50864,Cologne,50.97793,7.03845,12119914,3676654,3037787,5000,,2100,5200
DEMO-1,ACC1000,LOC00319,DE,50869,Cologne,50.94440,7.14443,974710,193303,125888,10000,,1100,5200
DEMO-1,ACC1012,LOC00306,FR,75432,Paris,48.67717,2.46150,13220821,4991627,787992,25000,,1100,5200
DEMO-1,ACC1008,LOC00332,NL,30102,Rotterdam,51.95969,4.30386,2979835,1215729,168668,5000,,1050,5100
DEMO-1,ACC1006,LOC00457,DE,80492,Munich,48.09005,11.56449,1868168,568306,444099,1000,,2100,5200
DEMO-1,ACC1014,LOC00487,FR,69793,Lyon,45.69305,4.85345,284869,103566,26481,5000,,2100,5000
DEMO-1,ACC1005,LOC00366,DE,10497,Berlin,52.52112,13.21416,8890486,2802687,988437,10000,,1200,5000
DEMO-1,ACC1006,LOC00023,DE,80916,Munich,48.05182,11.58825,3978113,1731378,528905,1000,,3000,5100
DEMO-1,ACC1013,LOC00129,FR,59865,Lille,50.65008,3.16212,2119185,595520,484538,1000,,1100,5000
DEMO-1,ACC1004,LOC00395,DE,60133,Frankfurt,50.15675,8.66986,10166966,3787632,1094678,25000,,1050,5000
DEMO-1,ACC1014,LOC00331,FR,69844,Lyon,45.88729,5.08543,7406281,2447715,421603,1000,5925025,1200,5100
DEMO-1,ACC1003,LOC00213,DE,20739,Hamburg,53.51119,10.01112,16627175,3877458,1531571,1000,13301740,1050,5100
DEMO-1,ACC1006,LOC00113,DE,80308,Munich,48.10641,11.71741,1795681,527946,370945,10000,,1200,5200
DEMO-1,ACC1001,LOC00323,DE,40477,Dusseldorf,51.15804,6.83692,596172,177752,151583,1000,476938,1050,5950
DEMO-1,ACC1011,LOC00195,BE,20608,Antwerp,51.10110,4.46548,6003263,927747,1551434,2500,4802610,1050,5000
DEMO-1,ACC1000,LOC00211,DE,50845,Cologne,51.02592,6.88991,14440620,4595748,3015259,25000,11552496,1100,5200
DEMO-1,ACC1008,LOC00436,NL,30710,Rotterdam,51.90049,4.41594,2096126,764588,409939,2500,,1050,5000
DEMO-1,ACC1008,LOC00003,NL,30972,Rotterdam,52.05894,4.30240,2408557,815966,286069,10000,,2100,5000
DEMO-1,ACC1017,LOC00151,GB,M1451,Manchester,53.48882,-2.20656,2059562,354416,557220,1000,1647650,2100,5000
DEMO-1,ACC1006,LOC00137,DE,80402,Munich,48.24731,11.27829,4778777,741694,265641,2500,,1100,5100
DEMO-1,ACC1009,LOC00239,NL,35266,Utrecht,52.23415,5.08864,567437,189811,119846,1000,453949,1200,5000
DEMO-1,ACC1016,LOC00454,GB,B1753,Birmingham,52.47458,-2.00212,3844422,980204,1112770,25000,3075537,1100,5200
DEMO-1,ACC1008,LOC00183,NL,30423,Rotterdam,51.94882,4.42234,2795147,838836,245917,1000,,1050,5200
DEMO-1,ACC1014,LOC00251,FR,69994,Lyon,45.70514,4.77629,10718815,3793687,2959046,10000,8575052,1100,5200
DEMO-1,ACC1015,LOC00256,GB,EC479,London,51.48858,-0.18390,2452063,775979,326945,25000,,2100,5000
DEMO-1,ACC1006,LOC00193,DE,80737,Munich,48.16543,11.44701,10236296,3639476,2043717,2500,8189037,2100,5200
DEMO-1,ACC1000,LOC00451,DE,50456,Cologne,50.92039,6.99838,10045187,3749782,2465768,1000,,3000,5200
DEMO-1,ACC1013,LOC00350,FR,59438,Lille,50.71608,3.04849,414845,102645,70646,10000,,1050,5100
DEMO-1,ACC1007,LOC00360,NL,10322,Amsterdam,52.41699,4.92949,1397824,270696,369854,10000,1118259,2100,5100
DEMO-1,ACC1015,LOC00438,GB,EC272,London,51.40656,-0.15680,2016638,428689,224146,1000,,3000,5100
DEMO-1,ACC1014,LOC00288,FR,69605,Lyon,45.76753,4.77014,6602520,1276851,712468,10000,,1200,5950
DEMO-1,ACC1010,LOC00143,BE,10719,Brussels,50.87462,4.36723,3876723,1275253,720978,10000,3101378,3000,5200
